date,state,beds_icu_covid
2021-06-01,Johor,114
2021-06-01,Kedah,73
2021-06-01,Kelantan,56
2021-06-01,Melaka,70
2021-06-01,Negeri Sembilan,44
2021-06-01,Pahang,52
2021-06-01,Perak,67
2021-06-01,Perlis,8
2021-06-01,Pulau Pinang,41
2021-06-01,Sabah,85
2021-06-01,Sarawak,106
2021-06-01,Selangor,244
2021-06-01,Terengganu,26
2021-06-01,W.P. Kuala Lumpur,121
2021-06-01,W.P. Labuan,11
2021-06-01,W.P. Putrajaya,8
2021-06-02,Johor,114
2021-06-02,Kedah,73
2021-06-02,Kelantan,56
2021-06-02,Melaka,70
2021-06-02,Negeri Sembilan,44
2021-06-02,Pahang,52
2021-06-02,Perak,67
2021-06-02,Perlis,8
2021-06-02,Pulau Pinang,41
2021-06-02,Sabah,85
2021-06-02,Sarawak,106
2021-06-02,Selangor,244
2021-06-02,Terengganu,26
2021-06-02,W.P. Kuala Lumpur,119
2021-06-02,W.P. Labuan,11
2021-06-02,W.P. Putrajaya,8
2021-06-03,Johor,114
2021-06-03,Kedah,73
2021-06-03,Kelantan,56
2021-06-03,Melaka,70
2021-06-03,Negeri Sembilan,44
2021-06-03,Pahang,52
2021-06-03,Perak,67
2021-06-03,Perlis,8
2021-06-03,Pulau Pinang,41
2021-06-03,Sabah,85
2021-06-03,Sarawak,106
2021-06-03,Selangor,244
2021-06-03,Terengganu,26
2021-06-03,W.P. Kuala Lumpur,119
2021-06-03,W.P. Labuan,11
2021-06-03,W.P. Putrajaya,8
2021-06-04,Johor,114
2021-06-04,Kedah,73
2021-06-04,Kelantan,56
2021-06-04,Melaka,70
2021-06-04,Negeri Sembilan,44
2021-06-04,Pahang,52
2021-06-04,Perak,67
2021-06-04,Perlis,8
2021-06-04,Pulau Pinang,43
2021-06-04,Sabah,85
2021-06-04,Sarawak,106
2021-06-04,Selangor,244
2021-06-04,Terengganu,26
2021-06-04,W.P. Kuala Lumpur,119
2021-06-04,W.P. Labuan,11
2021-06-04,W.P. Putrajaya,8
2021-06-05,Johor,114
2021-06-05,Kedah,73
2021-06-05,Kelantan,56
2021-06-05,Melaka,70
2021-06-05,Negeri Sembilan,44
2021-06-05,Pahang,52
2021-06-05,Perak,67
2021-06-05,Perlis,8
2021-06-05,Pulau Pinang,43
2021-06-05,Sabah,85
2021-06-05,Sarawak,106
2021-06-05,Selangor,250
2021-06-05,Terengganu,26
2021-06-05,W.P. Kuala Lumpur,119
2021-06-05,W.P. Labuan,11
2021-06-05,W.P. Putrajaya,8
2021-06-06,Johor,114
2021-06-06,Kedah,73
2021-06-06,Kelantan,56
2021-06-06,Melaka,70
2021-06-06,Negeri Sembilan,59
2021-06-06,Pahang,52
2021-06-06,Perak,67
2021-06-06,Perlis,8
2021-06-06,Pulau Pinang,43
2021-06-06,Sabah,85
2021-06-06,Sarawak,106
2021-06-06,Selangor,250
2021-06-06,Terengganu,26
2021-06-06,W.P. Kuala Lumpur,119
2021-06-06,W.P. Labuan,11
2021-06-06,W.P. Putrajaya,8
2021-06-07,Johor,114
2021-06-07,Kedah,73
2021-06-07,Kelantan,56
2021-06-07,Melaka,70
2021-06-07,Negeri Sembilan,59
2021-06-07,Pahang,52
2021-06-07,Perak,67
2021-06-07,Perlis,8
2021-06-07,Pulau Pinang,43
2021-06-07,Sabah,85
2021-06-07,Sarawak,106
2021-06-07,Selangor,250
2021-06-07,Terengganu,26
2021-06-07,W.P. Kuala Lumpur,119
2021-06-07,W.P. Labuan,11
2021-06-07,W.P. Putrajaya,8
2021-06-08,Johor,114
2021-06-08,Kedah,73
2021-06-08,Kelantan,56
2021-06-08,Melaka,70
2021-06-08,Negeri Sembilan,59
2021-06-08,Pahang,52
2021-06-08,Perak,71
2021-06-08,Perlis,8
2021-06-08,Pulau Pinang,43
2021-06-08,Sabah,85
2021-06-08,Sarawak,106
2021-06-08,Selangor,250
2021-06-08,Terengganu,26
2021-06-08,W.P. Kuala Lumpur,119
2021-06-08,W.P. Labuan,11
2021-06-08,W.P. Putrajaya,8
2021-06-09,Johor,114
2021-06-09,Kedah,73
2021-06-09,Kelantan,56
2021-06-09,Melaka,70
2021-06-09,Negeri Sembilan,59
2021-06-09,Pahang,52
2021-06-09,Perak,71
2021-06-09,Perlis,8
2021-06-09,Pulau Pinang,43
2021-06-09,Sabah,107
2021-06-09,Sarawak,106
2021-06-09,Selangor,250
2021-06-09,Terengganu,26
2021-06-09,W.P. Kuala Lumpur,127
2021-06-09,W.P. Labuan,11
2021-06-09,W.P. Putrajaya,8
2021-06-10,Johor,114
2021-06-10,Kedah,73
2021-06-10,Kelantan,56
2021-06-10,Melaka,70
2021-06-10,Negeri Sembilan,59
2021-06-10,Pahang,52
2021-06-10,Perak,71
2021-06-10,Perlis,8
2021-06-10,Pulau Pinang,45
2021-06-10,Sabah,107
2021-06-10,Sarawak,106
2021-06-10,Selangor,250
2021-06-10,Terengganu,26
2021-06-10,W.P. Kuala Lumpur,127
2021-06-10,W.P. Labuan,18
2021-06-10,W.P. Putrajaya,8
2021-06-11,Johor,114
2021-06-11,Kedah,73
2021-06-11,Kelantan,56
2021-06-11,Melaka,70
2021-06-11,Negeri Sembilan,59
2021-06-11,Pahang,52
2021-06-11,Perak,71
2021-06-11,Perlis,8
2021-06-11,Pulau Pinang,45
2021-06-11,Sabah,107
2021-06-11,Sarawak,106
2021-06-11,Selangor,250
2021-06-11,Terengganu,26
2021-06-11,W.P. Kuala Lumpur,127
2021-06-11,W.P. Labuan,18
2021-06-11,W.P. Putrajaya,8
2021-06-12,Johor,114
2021-06-12,Kedah,73
2021-06-12,Kelantan,56
2021-06-12,Melaka,70
2021-06-12,Negeri Sembilan,59
2021-06-12,Pahang,52
2021-06-12,Perak,71
2021-06-12,Perlis,8
2021-06-12,Pulau Pinang,45
2021-06-12,Sabah,107
2021-06-12,Sarawak,106
2021-06-12,Selangor,253
2021-06-12,Terengganu,26
2021-06-12,W.P. Kuala Lumpur,127
2021-06-12,W.P. Labuan,18
2021-06-12,W.P. Putrajaya,8
2021-06-13,Johor,114
2021-06-13,Kedah,73
2021-06-13,Kelantan,56
2021-06-13,Melaka,70
2021-06-13,Negeri Sembilan,59
2021-06-13,Pahang,52
2021-06-13,Perak,71
2021-06-13,Perlis,8
2021-06-13,Pulau Pinang,45
2021-06-13,Sabah,107
2021-06-13,Sarawak,106
2021-06-13,Selangor,253
2021-06-13,Terengganu,26
2021-06-13,W.P. Kuala Lumpur,127
2021-06-13,W.P. Labuan,18
2021-06-13,W.P. Putrajaya,8
2021-06-14,Johor,114
2021-06-14,Kedah,73
2021-06-14,Kelantan,56
2021-06-14,Melaka,70
2021-06-14,Negeri Sembilan,59
2021-06-14,Pahang,52
2021-06-14,Perak,71
2021-06-14,Perlis,8
2021-06-14,Pulau Pinang,45
2021-06-14,Sabah,107
2021-06-14,Sarawak,106
2021-06-14,Selangor,253
2021-06-14,Terengganu,26
2021-06-14,W.P. Kuala Lumpur,127
2021-06-14,W.P. Labuan,18
2021-06-14,W.P. Putrajaya,8
2021-06-15,Johor,114
2021-06-15,Kedah,73
2021-06-15,Kelantan,56
2021-06-15,Melaka,70
2021-06-15,Negeri Sembilan,61
2021-06-15,Pahang,52
2021-06-15,Perak,71
2021-06-15,Perlis,8
2021-06-15,Pulau Pinang,45
2021-06-15,Sabah,107
2021-06-15,Sarawak,106
2021-06-15,Selangor,253
2021-06-15,Terengganu,26
2021-06-15,W.P. Kuala Lumpur,127
2021-06-15,W.P. Labuan,18
2021-06-15,W.P. Putrajaya,8
2021-06-16,Johor,114
2021-06-16,Kedah,73
2021-06-16,Kelantan,56
2021-06-16,Melaka,70
2021-06-16,Negeri Sembilan,61
2021-06-16,Pahang,47
2021-06-16,Perak,71
2021-06-16,Perlis,8
2021-06-16,Pulau Pinang,45
2021-06-16,Sabah,107
2021-06-16,Sarawak,106
2021-06-16,Selangor,253
2021-06-16,Terengganu,26
2021-06-16,W.P. Kuala Lumpur,127
2021-06-16,W.P. Labuan,18
2021-06-16,W.P. Putrajaya,8
2021-06-17,Johor,114
2021-06-17,Kedah,73
2021-06-17,Kelantan,56
2021-06-17,Melaka,70
2021-06-17,Negeri Sembilan,61
2021-06-17,Pahang,47
2021-06-17,Perak,71
2021-06-17,Perlis,8
2021-06-17,Pulau Pinang,47
2021-06-17,Sabah,107
2021-06-17,Sarawak,106
2021-06-17,Selangor,253
2021-06-17,Terengganu,26
2021-06-17,W.P. Kuala Lumpur,127
2021-06-17,W.P. Labuan,18
2021-06-17,W.P. Putrajaya,8
2021-06-18,Johor,114
2021-06-18,Kedah,73
2021-06-18,Kelantan,56
2021-06-18,Melaka,70
2021-06-18,Negeri Sembilan,55
2021-06-18,Pahang,47
2021-06-18,Perak,71
2021-06-18,Perlis,8
2021-06-18,Pulau Pinang,47
2021-06-18,Sabah,107
2021-06-18,Sarawak,106
2021-06-18,Selangor,253
2021-06-18,Terengganu,26
2021-06-18,W.P. Kuala Lumpur,127
2021-06-18,W.P. Labuan,18
2021-06-18,W.P. Putrajaya,8
2021-06-19,Johor,114
2021-06-19,Kedah,73
2021-06-19,Kelantan,56
2021-06-19,Melaka,70
2021-06-19,Negeri Sembilan,55
2021-06-19,Pahang,47
2021-06-19,Perak,71
2021-06-19,Perlis,8
2021-06-19,Pulau Pinang,47
2021-06-19,Sabah,107
2021-06-19,Sarawak,106
2021-06-19,Selangor,253
2021-06-19,Terengganu,26
2021-06-19,W.P. Kuala Lumpur,127
2021-06-19,W.P. Labuan,18
2021-06-19,W.P. Putrajaya,8
2021-06-20,Johor,114
2021-06-20,Kedah,73
2021-06-20,Kelantan,56
2021-06-20,Melaka,70
2021-06-20,Negeri Sembilan,55
2021-06-20,Pahang,47
2021-06-20,Perak,71
2021-06-20,Perlis,8
2021-06-20,Pulau Pinang,47
2021-06-20,Sabah,107
2021-06-20,Sarawak,106
2021-06-20,Selangor,253
2021-06-20,Terengganu,26
2021-06-20,W.P. Kuala Lumpur,127
2021-06-20,W.P. Labuan,18
2021-06-20,W.P. Putrajaya,8
2021-06-21,Johor,114
2021-06-21,Kedah,73
2021-06-21,Kelantan,56
2021-06-21,Melaka,70
2021-06-21,Negeri Sembilan,55
2021-06-21,Pahang,47
2021-06-21,Perak,71
2021-06-21,Perlis,8
2021-06-21,Pulau Pinang,47
2021-06-21,Sabah,107
2021-06-21,Sarawak,106
2021-06-21,Selangor,253
2021-06-21,Terengganu,26
2021-06-21,W.P. Kuala Lumpur,127
2021-06-21,W.P. Labuan,18
2021-06-21,W.P. Putrajaya,8
2021-06-22,Johor,114
2021-06-22,Kedah,73
2021-06-22,Kelantan,56
2021-06-22,Melaka,70
2021-06-22,Negeri Sembilan,55
2021-06-22,Pahang,47
2021-06-22,Perak,71
2021-06-22,Perlis,8
2021-06-22,Pulau Pinang,47
2021-06-22,Sabah,107
2021-06-22,Sarawak,106
2021-06-22,Selangor,253
2021-06-22,Terengganu,26
2021-06-22,W.P. Kuala Lumpur,132
2021-06-22,W.P. Labuan,18
2021-06-22,W.P. Putrajaya,8
2021-06-23,Johor,114
2021-06-23,Kedah,73
2021-06-23,Kelantan,56
2021-06-23,Melaka,70
2021-06-23,Negeri Sembilan,55
2021-06-23,Pahang,47
2021-06-23,Perak,71
2021-06-23,Perlis,8
2021-06-23,Pulau Pinang,47
2021-06-23,Sabah,107
2021-06-23,Sarawak,106
2021-06-23,Selangor,253
2021-06-23,Terengganu,26
2021-06-23,W.P. Kuala Lumpur,132
2021-06-23,W.P. Labuan,18
2021-06-23,W.P. Putrajaya,8
2021-06-24,Johor,114
2021-06-24,Kedah,73
2021-06-24,Kelantan,56
2021-06-24,Melaka,70
2021-06-24,Negeri Sembilan,55
2021-06-24,Pahang,47
2021-06-24,Perak,71
2021-06-24,Perlis,8
2021-06-24,Pulau Pinang,40
2021-06-24,Sabah,107
2021-06-24,Sarawak,106
2021-06-24,Selangor,259
2021-06-24,Terengganu,26
2021-06-24,W.P. Kuala Lumpur,132
2021-06-24,W.P. Labuan,18
2021-06-24,W.P. Putrajaya,8
2021-06-25,Johor,114
2021-06-25,Kedah,73
2021-06-25,Kelantan,56
2021-06-25,Melaka,70
2021-06-25,Negeri Sembilan,55
2021-06-25,Pahang,47
2021-06-25,Perak,71
2021-06-25,Perlis,8
2021-06-25,Pulau Pinang,42
2021-06-25,Sabah,107
2021-06-25,Sarawak,106
2021-06-25,Selangor,274
2021-06-25,Terengganu,26
2021-06-25,W.P. Kuala Lumpur,132
2021-06-25,W.P. Labuan,18
2021-06-25,W.P. Putrajaya,8
2021-06-26,Johor,114
2021-06-26,Kedah,73
2021-06-26,Kelantan,56
2021-06-26,Melaka,70
2021-06-26,Negeri Sembilan,55
2021-06-26,Pahang,47
2021-06-26,Perak,71
2021-06-26,Perlis,8
2021-06-26,Pulau Pinang,42
2021-06-26,Sabah,107
2021-06-26,Sarawak,106
2021-06-26,Selangor,274
2021-06-26,Terengganu,26
2021-06-26,W.P. Kuala Lumpur,132
2021-06-26,W.P. Labuan,18
2021-06-26,W.P. Putrajaya,8
2021-06-27,Johor,114
2021-06-27,Kedah,73
2021-06-27,Kelantan,56
2021-06-27,Melaka,70
2021-06-27,Negeri Sembilan,55
2021-06-27,Pahang,47
2021-06-27,Perak,71
2021-06-27,Perlis,8
2021-06-27,Pulau Pinang,42
2021-06-27,Sabah,107
2021-06-27,Sarawak,106
2021-06-27,Selangor,312
2021-06-27,Terengganu,26
2021-06-27,W.P. Kuala Lumpur,132
2021-06-27,W.P. Labuan,18
2021-06-27,W.P. Putrajaya,8
2021-06-28,Johor,114
2021-06-28,Kedah,73
2021-06-28,Kelantan,56
2021-06-28,Melaka,70
2021-06-28,Negeri Sembilan,51
2021-06-28,Pahang,47
2021-06-28,Perak,71
2021-06-28,Perlis,8
2021-06-28,Pulau Pinang,42
2021-06-28,Sabah,107
2021-06-28,Sarawak,106
2021-06-28,Selangor,312
2021-06-28,Terengganu,26
2021-06-28,W.P. Kuala Lumpur,137
2021-06-28,W.P. Labuan,22
2021-06-28,W.P. Putrajaya,8
2021-06-29,Johor,113
2021-06-29,Kedah,73
2021-06-29,Kelantan,56
2021-06-29,Melaka,70
2021-06-29,Negeri Sembilan,51
2021-06-29,Pahang,47
2021-06-29,Perak,71
2021-06-29,Perlis,8
2021-06-29,Pulau Pinang,42
2021-06-29,Sabah,107
2021-06-29,Sarawak,106
2021-06-29,Selangor,312
2021-06-29,Terengganu,30
2021-06-29,W.P. Kuala Lumpur,138
2021-06-29,W.P. Labuan,18
2021-06-29,W.P. Putrajaya,8
2021-06-30,Johor,113
2021-06-30,Kedah,73
2021-06-30,Kelantan,56
2021-06-30,Melaka,70
2021-06-30,Negeri Sembilan,51
2021-06-30,Pahang,47
2021-06-30,Perak,71
2021-06-30,Perlis,8
2021-06-30,Pulau Pinang,42
2021-06-30,Sabah,107
2021-06-30,Sarawak,106
2021-06-30,Selangor,314
2021-06-30,Terengganu,30
2021-06-30,W.P. Kuala Lumpur,138
2021-06-30,W.P. Labuan,18
2021-06-30,W.P. Putrajaya,8
2021-07-01,Johor,113
2021-07-01,Kedah,73
2021-07-01,Kelantan,56
2021-07-01,Melaka,70
2021-07-01,Negeri Sembilan,51
2021-07-01,Pahang,47
2021-07-01,Perak,71
2021-07-01,Perlis,8
2021-07-01,Pulau Pinang,42
2021-07-01,Sabah,107
2021-07-01,Sarawak,106
2021-07-01,Selangor,314
2021-07-01,Terengganu,30
2021-07-01,W.P. Kuala Lumpur,138
2021-07-01,W.P. Labuan,18
2021-07-01,W.P. Putrajaya,8
2021-07-02,Johor,113
2021-07-02,Kedah,73
2021-07-02,Kelantan,56
2021-07-02,Melaka,70
2021-07-02,Negeri Sembilan,51
2021-07-02,Pahang,47
2021-07-02,Perak,42
2021-07-02,Perlis,8
2021-07-02,Pulau Pinang,42
2021-07-02,Sabah,107
2021-07-02,Sarawak,106
2021-07-02,Selangor,314
2021-07-02,Terengganu,30
2021-07-02,W.P. Kuala Lumpur,138
2021-07-02,W.P. Labuan,18
2021-07-02,W.P. Putrajaya,8
2021-07-03,Johor,113
2021-07-03,Kedah,73
2021-07-03,Kelantan,56
2021-07-03,Melaka,70
2021-07-03,Negeri Sembilan,51
2021-07-03,Pahang,47
2021-07-03,Perak,42
2021-07-03,Perlis,8
2021-07-03,Pulau Pinang,42
2021-07-03,Sabah,107
2021-07-03,Sarawak,106
2021-07-03,Selangor,314
2021-07-03,Terengganu,30
2021-07-03,W.P. Kuala Lumpur,138
2021-07-03,W.P. Labuan,18
2021-07-03,W.P. Putrajaya,8
2021-07-04,Johor,113
2021-07-04,Kedah,73
2021-07-04,Kelantan,56
2021-07-04,Melaka,70
2021-07-04,Negeri Sembilan,62
2021-07-04,Pahang,47
2021-07-04,Perak,42
2021-07-04,Perlis,8
2021-07-04,Pulau Pinang,42
2021-07-04,Sabah,107
2021-07-04,Sarawak,106
2021-07-04,Selangor,314
2021-07-04,Terengganu,30
2021-07-04,W.P. Kuala Lumpur,141
2021-07-04,W.P. Labuan,18
2021-07-04,W.P. Putrajaya,8
2021-07-05,Johor,113
2021-07-05,Kedah,73
2021-07-05,Kelantan,60
2021-07-05,Melaka,70
2021-07-05,Negeri Sembilan,61
2021-07-05,Pahang,47
2021-07-05,Perak,42
2021-07-05,Perlis,8
2021-07-05,Pulau Pinang,42
2021-07-05,Sabah,107
2021-07-05,Sarawak,106
2021-07-05,Selangor,314
2021-07-05,Terengganu,30
2021-07-05,W.P. Kuala Lumpur,141
2021-07-05,W.P. Labuan,18
2021-07-05,W.P. Putrajaya,8
2021-07-06,Johor,113
2021-07-06,Kedah,73
2021-07-06,Kelantan,60
2021-07-06,Melaka,70
2021-07-06,Negeri Sembilan,61
2021-07-06,Pahang,47
2021-07-06,Perak,42
2021-07-06,Perlis,8
2021-07-06,Pulau Pinang,42
2021-07-06,Sabah,107
2021-07-06,Sarawak,106
2021-07-06,Selangor,314
2021-07-06,Terengganu,30
2021-07-06,W.P. Kuala Lumpur,141
2021-07-06,W.P. Labuan,18
2021-07-06,W.P. Putrajaya,8
2021-07-07,Johor,113
2021-07-07,Kedah,86
2021-07-07,Kelantan,60
2021-07-07,Melaka,70
2021-07-07,Negeri Sembilan,61
2021-07-07,Pahang,47
2021-07-07,Perak,57
2021-07-07,Perlis,8
2021-07-07,Pulau Pinang,42
2021-07-07,Sabah,107
2021-07-07,Sarawak,106
2021-07-07,Selangor,314
2021-07-07,Terengganu,30
2021-07-07,W.P. Kuala Lumpur,141
2021-07-07,W.P. Labuan,18
2021-07-07,W.P. Putrajaya,8
2021-07-08,Johor,113
2021-07-08,Kedah,86
2021-07-08,Kelantan,60
2021-07-08,Melaka,70
2021-07-08,Negeri Sembilan,61
2021-07-08,Pahang,47
2021-07-08,Perak,57
2021-07-08,Perlis,8
2021-07-08,Pulau Pinang,42
2021-07-08,Sabah,107
2021-07-08,Sarawak,106
2021-07-08,Selangor,314
2021-07-08,Terengganu,30
2021-07-08,W.P. Kuala Lumpur,141
2021-07-08,W.P. Labuan,18
2021-07-08,W.P. Putrajaya,8
2021-07-09,Johor,113
2021-07-09,Kedah,86
2021-07-09,Kelantan,60
2021-07-09,Melaka,70
2021-07-09,Negeri Sembilan,61
2021-07-09,Pahang,47
2021-07-09,Perak,57
2021-07-09,Perlis,8
2021-07-09,Pulau Pinang,42
2021-07-09,Sabah,107
2021-07-09,Sarawak,106
2021-07-09,Selangor,314
2021-07-09,Terengganu,30
2021-07-09,W.P. Kuala Lumpur,147
2021-07-09,W.P. Labuan,18
2021-07-09,W.P. Putrajaya,8
2021-07-10,Johor,113
2021-07-10,Kedah,86
2021-07-10,Kelantan,60
2021-07-10,Melaka,70
2021-07-10,Negeri Sembilan,61
2021-07-10,Pahang,47
2021-07-10,Perak,57
2021-07-10,Perlis,8
2021-07-10,Pulau Pinang,42
2021-07-10,Sabah,107
2021-07-10,Sarawak,112
2021-07-10,Selangor,314
2021-07-10,Terengganu,30
2021-07-10,W.P. Kuala Lumpur,147
2021-07-10,W.P. Labuan,18
2021-07-10,W.P. Putrajaya,8
2021-07-11,Johor,113
2021-07-11,Kedah,86
2021-07-11,Kelantan,60
2021-07-11,Melaka,70
2021-07-11,Negeri Sembilan,61
2021-07-11,Pahang,47
2021-07-11,Perak,57
2021-07-11,Perlis,8
2021-07-11,Pulau Pinang,42
2021-07-11,Sabah,107
2021-07-11,Sarawak,112
2021-07-11,Selangor,314
2021-07-11,Terengganu,30
2021-07-11,W.P. Kuala Lumpur,147
2021-07-11,W.P. Labuan,18
2021-07-11,W.P. Putrajaya,8
2021-07-12,Johor,113
2021-07-12,Kedah,86
2021-07-12,Kelantan,60
2021-07-12,Melaka,70
2021-07-12,Negeri Sembilan,61
2021-07-12,Pahang,47
2021-07-12,Perak,57
2021-07-12,Perlis,8
2021-07-12,Pulau Pinang,49
2021-07-12,Sabah,107
2021-07-12,Sarawak,112
2021-07-12,Selangor,323
2021-07-12,Terengganu,30
2021-07-12,W.P. Kuala Lumpur,147
2021-07-12,W.P. Labuan,18
2021-07-12,W.P. Putrajaya,8
2021-07-13,Johor,113
2021-07-13,Kedah,86
2021-07-13,Kelantan,60
2021-07-13,Melaka,81
2021-07-13,Negeri Sembilan,61
2021-07-13,Pahang,47
2021-07-13,Perak,57
2021-07-13,Perlis,8
2021-07-13,Pulau Pinang,49
2021-07-13,Sabah,107
2021-07-13,Sarawak,112
2021-07-13,Selangor,323
2021-07-13,Terengganu,30
2021-07-13,W.P. Kuala Lumpur,155
2021-07-13,W.P. Labuan,18
2021-07-13,W.P. Putrajaya,8
2021-07-14,Johor,113
2021-07-14,Kedah,86
2021-07-14,Kelantan,60
2021-07-14,Melaka,81
2021-07-14,Negeri Sembilan,61
2021-07-14,Pahang,47
2021-07-14,Perak,57
2021-07-14,Perlis,8
2021-07-14,Pulau Pinang,49
2021-07-14,Sabah,107
2021-07-14,Sarawak,112
2021-07-14,Selangor,323
2021-07-14,Terengganu,30
2021-07-14,W.P. Kuala Lumpur,155
2021-07-14,W.P. Labuan,18
2021-07-14,W.P. Putrajaya,8
2021-07-15,Johor,113
2021-07-15,Kedah,90
2021-07-15,Kelantan,60
2021-07-15,Melaka,81
2021-07-15,Negeri Sembilan,61
2021-07-15,Pahang,47
2021-07-15,Perak,57
2021-07-15,Perlis,8
2021-07-15,Pulau Pinang,49
2021-07-15,Sabah,107
2021-07-15,Sarawak,112
2021-07-15,Selangor,325
2021-07-15,Terengganu,30
2021-07-15,W.P. Kuala Lumpur,168
2021-07-15,W.P. Labuan,18
2021-07-15,W.P. Putrajaya,8
2021-07-16,Johor,113
2021-07-16,Kedah,90
2021-07-16,Kelantan,60
2021-07-16,Melaka,81
2021-07-16,Negeri Sembilan,61
2021-07-16,Pahang,47
2021-07-16,Perak,57
2021-07-16,Perlis,8
2021-07-16,Pulau Pinang,60
2021-07-16,Sabah,107
2021-07-16,Sarawak,120
2021-07-16,Selangor,325
2021-07-16,Terengganu,30
2021-07-16,W.P. Kuala Lumpur,168
2021-07-16,W.P. Labuan,18
2021-07-16,W.P. Putrajaya,8
2021-07-17,Johor,113
2021-07-17,Kedah,90
2021-07-17,Kelantan,60
2021-07-17,Melaka,91
2021-07-17,Negeri Sembilan,61
2021-07-17,Pahang,47
2021-07-17,Perak,57
2021-07-17,Perlis,8
2021-07-17,Pulau Pinang,60
2021-07-17,Sabah,107
2021-07-17,Sarawak,120
2021-07-17,Selangor,325
2021-07-17,Terengganu,30
2021-07-17,W.P. Kuala Lumpur,168
2021-07-17,W.P. Labuan,18
2021-07-17,W.P. Putrajaya,8
2021-07-18,Johor,113
2021-07-18,Kedah,90
2021-07-18,Kelantan,60
2021-07-18,Melaka,91
2021-07-18,Negeri Sembilan,61
2021-07-18,Pahang,47
2021-07-18,Perak,57
2021-07-18,Perlis,8
2021-07-18,Pulau Pinang,65
2021-07-18,Sabah,107
2021-07-18,Sarawak,120
2021-07-18,Selangor,325
2021-07-18,Terengganu,30
2021-07-18,W.P. Kuala Lumpur,168
2021-07-18,W.P. Labuan,18
2021-07-18,W.P. Putrajaya,8
2021-07-19,Johor,113
2021-07-19,Kedah,90
2021-07-19,Kelantan,60
2021-07-19,Melaka,83
2021-07-19,Negeri Sembilan,61
2021-07-19,Pahang,47
2021-07-19,Perak,57
2021-07-19,Perlis,8
2021-07-19,Pulau Pinang,65
2021-07-19,Sabah,107
2021-07-19,Sarawak,120
2021-07-19,Selangor,319
2021-07-19,Terengganu,30
2021-07-19,W.P. Kuala Lumpur,168
2021-07-19,W.P. Labuan,18
2021-07-19,W.P. Putrajaya,8
2021-07-20,Johor,113
2021-07-20,Kedah,90
2021-07-20,Kelantan,60
2021-07-20,Melaka,83
2021-07-20,Negeri Sembilan,61
2021-07-20,Pahang,47
2021-07-20,Perak,57
2021-07-20,Perlis,8
2021-07-20,Pulau Pinang,65
2021-07-20,Sabah,107
2021-07-20,Sarawak,120
2021-07-20,Selangor,319
2021-07-20,Terengganu,30
2021-07-20,W.P. Kuala Lumpur,168
2021-07-20,W.P. Labuan,18
2021-07-20,W.P. Putrajaya,8
2021-07-21,Johor,113
2021-07-21,Kedah,90
2021-07-21,Kelantan,60
2021-07-21,Melaka,83
2021-07-21,Negeri Sembilan,61
2021-07-21,Pahang,47
2021-07-21,Perak,57
2021-07-21,Perlis,8
2021-07-21,Pulau Pinang,65
2021-07-21,Sabah,107
2021-07-21,Sarawak,120
2021-07-21,Selangor,380
2021-07-21,Terengganu,30
2021-07-21,W.P. Kuala Lumpur,168
2021-07-21,W.P. Labuan,18
2021-07-21,W.P. Putrajaya,8
2021-07-22,Johor,113
2021-07-22,Kedah,90
2021-07-22,Kelantan,60
2021-07-22,Melaka,83
2021-07-22,Negeri Sembilan,61
2021-07-22,Pahang,47
2021-07-22,Perak,57
2021-07-22,Perlis,8
2021-07-22,Pulau Pinang,65
2021-07-22,Sabah,107
2021-07-22,Sarawak,120
2021-07-22,Selangor,350
2021-07-22,Terengganu,30
2021-07-22,W.P. Kuala Lumpur,174
2021-07-22,W.P. Labuan,18
2021-07-22,W.P. Putrajaya,20
2021-07-23,Johor,118
2021-07-23,Kedah,90
2021-07-23,Kelantan,60
2021-07-23,Melaka,83
2021-07-23,Negeri Sembilan,61
2021-07-23,Pahang,47
2021-07-23,Perak,57
2021-07-23,Perlis,8
2021-07-23,Pulau Pinang,68
2021-07-23,Sabah,107
2021-07-23,Sarawak,120
2021-07-23,Selangor,353
2021-07-23,Terengganu,30
2021-07-23,W.P. Kuala Lumpur,174
2021-07-23,W.P. Labuan,18
2021-07-23,W.P. Putrajaya,20
2021-07-24,Johor,108
2021-07-24,Kedah,90
2021-07-24,Kelantan,60
2021-07-24,Melaka,83
2021-07-24,Negeri Sembilan,61
2021-07-24,Pahang,47
2021-07-24,Perak,57
2021-07-24,Perlis,8
2021-07-24,Pulau Pinang,68
2021-07-24,Sabah,107
2021-07-24,Sarawak,120
2021-07-24,Selangor,353
2021-07-24,Terengganu,30
2021-07-24,W.P. Kuala Lumpur,174
2021-07-24,W.P. Labuan,18
2021-07-24,W.P. Putrajaya,20
2021-07-25,Johor,108
2021-07-25,Kedah,90
2021-07-25,Kelantan,60
2021-07-25,Melaka,83
2021-07-25,Negeri Sembilan,61
2021-07-25,Pahang,47
2021-07-25,Perak,57
2021-07-25,Perlis,8
2021-07-25,Pulau Pinang,68
2021-07-25,Sabah,107
2021-07-25,Sarawak,120
2021-07-25,Selangor,353
2021-07-25,Terengganu,30
2021-07-25,W.P. Kuala Lumpur,174
2021-07-25,W.P. Labuan,18
2021-07-25,W.P. Putrajaya,20
2021-07-26,Johor,108
2021-07-26,Kedah,90
2021-07-26,Kelantan,60
2021-07-26,Melaka,83
2021-07-26,Negeri Sembilan,61
2021-07-26,Pahang,47
2021-07-26,Perak,57
2021-07-26,Perlis,8
2021-07-26,Pulau Pinang,68
2021-07-26,Sabah,107
2021-07-26,Sarawak,120
2021-07-26,Selangor,361
2021-07-26,Terengganu,30
2021-07-26,W.P. Kuala Lumpur,174
2021-07-26,W.P. Labuan,18
2021-07-26,W.P. Putrajaya,20
2021-07-27,Johor,108
2021-07-27,Kedah,90
2021-07-27,Kelantan,60
2021-07-27,Melaka,83
2021-07-27,Negeri Sembilan,61
2021-07-27,Pahang,47
2021-07-27,Perak,71
2021-07-27,Perlis,8
2021-07-27,Pulau Pinang,68
2021-07-27,Sabah,107
2021-07-27,Sarawak,120
2021-07-27,Selangor,335
2021-07-27,Terengganu,30
2021-07-27,W.P. Kuala Lumpur,180
2021-07-27,W.P. Labuan,18
2021-07-27,W.P. Putrajaya,20
2021-07-28,Johor,108
2021-07-28,Kedah,90
2021-07-28,Kelantan,60
2021-07-28,Melaka,83
2021-07-28,Negeri Sembilan,63
2021-07-28,Pahang,47
2021-07-28,Perak,71
2021-07-28,Perlis,8
2021-07-28,Pulau Pinang,70
2021-07-28,Sabah,107
2021-07-28,Sarawak,120
2021-07-28,Selangor,335
2021-07-28,Terengganu,30
2021-07-28,W.P. Kuala Lumpur,180
2021-07-28,W.P. Labuan,18
2021-07-28,W.P. Putrajaya,20
2021-07-29,Johor,108
2021-07-29,Kedah,90
2021-07-29,Kelantan,60
2021-07-29,Melaka,83
2021-07-29,Negeri Sembilan,63
2021-07-29,Pahang,47
2021-07-29,Perak,71
2021-07-29,Perlis,8
2021-07-29,Pulau Pinang,65
2021-07-29,Sabah,107
2021-07-29,Sarawak,120
2021-07-29,Selangor,335
2021-07-29,Terengganu,29
2021-07-29,W.P. Kuala Lumpur,180
2021-07-29,W.P. Labuan,18
2021-07-29,W.P. Putrajaya,20
2021-07-30,Johor,108
2021-07-30,Kedah,92
2021-07-30,Kelantan,60
2021-07-30,Melaka,92
2021-07-30,Negeri Sembilan,63
2021-07-30,Pahang,49
2021-07-30,Perak,77
2021-07-30,Perlis,8
2021-07-30,Pulau Pinang,65
2021-07-30,Sabah,160
2021-07-30,Sarawak,120
2021-07-30,Selangor,326
2021-07-30,Terengganu,30
2021-07-30,W.P. Kuala Lumpur,193
2021-07-30,W.P. Labuan,18
2021-07-30,W.P. Putrajaya,20
2021-07-31,Johor,108
2021-07-31,Kedah,92
2021-07-31,Kelantan,60
2021-07-31,Melaka,92
2021-07-31,Negeri Sembilan,63
2021-07-31,Pahang,49
2021-07-31,Perak,81
2021-07-31,Perlis,8
2021-07-31,Pulau Pinang,65
2021-07-31,Sabah,160
2021-07-31,Sarawak,120
2021-07-31,Selangor,326
2021-07-31,Terengganu,30
2021-07-31,W.P. Kuala Lumpur,193
2021-07-31,W.P. Labuan,18
2021-07-31,W.P. Putrajaya,20
2021-08-01,Johor,108
2021-08-01,Kedah,92
2021-08-01,Kelantan,60
2021-08-01,Melaka,92
2021-08-01,Negeri Sembilan,63
2021-08-01,Pahang,49
2021-08-01,Perak,81
2021-08-01,Perlis,8
2021-08-01,Pulau Pinang,65
2021-08-01,Sabah,160
2021-08-01,Sarawak,120
2021-08-01,Selangor,326
2021-08-01,Terengganu,30
2021-08-01,W.P. Kuala Lumpur,193
2021-08-01,W.P. Labuan,18
2021-08-01,W.P. Putrajaya,20
2021-08-02,Johor,108
2021-08-02,Kedah,92
2021-08-02,Kelantan,60
2021-08-02,Melaka,92
2021-08-02,Negeri Sembilan,63
2021-08-02,Pahang,49
2021-08-02,Perak,81
2021-08-02,Perlis,8
2021-08-02,Pulau Pinang,65
2021-08-02,Sabah,160
2021-08-02,Sarawak,120
2021-08-02,Selangor,326
2021-08-02,Terengganu,30
2021-08-02,W.P. Kuala Lumpur,195
2021-08-02,W.P. Labuan,18
2021-08-02,W.P. Putrajaya,20
2021-08-03,Johor,108
2021-08-03,Kedah,92
2021-08-03,Kelantan,60
2021-08-03,Melaka,92
2021-08-03,Negeri Sembilan,63
2021-08-03,Pahang,54
2021-08-03,Perak,85
2021-08-03,Perlis,11
2021-08-03,Pulau Pinang,65
2021-08-03,Sabah,160
2021-08-03,Sarawak,120
2021-08-03,Selangor,338
2021-08-03,Terengganu,30
2021-08-03,W.P. Kuala Lumpur,195
2021-08-03,W.P. Labuan,18
2021-08-03,W.P. Putrajaya,20
2021-08-04,Johor,108
2021-08-04,Kedah,92
2021-08-04,Kelantan,60
2021-08-04,Melaka,92
2021-08-04,Negeri Sembilan,63
2021-08-04,Pahang,54
2021-08-04,Perak,85
2021-08-04,Perlis,11
2021-08-04,Pulau Pinang,67
2021-08-04,Sabah,160
2021-08-04,Sarawak,120
2021-08-04,Selangor,338
2021-08-04,Terengganu,30
2021-08-04,W.P. Kuala Lumpur,195
2021-08-04,W.P. Labuan,18
2021-08-04,W.P. Putrajaya,20
2021-08-05,Johor,108
2021-08-05,Kedah,92
2021-08-05,Kelantan,60
2021-08-05,Melaka,92
2021-08-05,Negeri Sembilan,63
2021-08-05,Pahang,54
2021-08-05,Perak,85
2021-08-05,Perlis,11
2021-08-05,Pulau Pinang,67
2021-08-05,Sabah,159
2021-08-05,Sarawak,120
2021-08-05,Selangor,345
2021-08-05,Terengganu,30
2021-08-05,W.P. Kuala Lumpur,195
2021-08-05,W.P. Labuan,18
2021-08-05,W.P. Putrajaya,20
2021-08-06,Johor,108
2021-08-06,Kedah,92
2021-08-06,Kelantan,60
2021-08-06,Melaka,92
2021-08-06,Negeri Sembilan,63
2021-08-06,Pahang,54
2021-08-06,Perak,85
2021-08-06,Perlis,11
2021-08-06,Pulau Pinang,67
2021-08-06,Sabah,159
2021-08-06,Sarawak,120
2021-08-06,Selangor,345
2021-08-06,Terengganu,30
2021-08-06,W.P. Kuala Lumpur,195
2021-08-06,W.P. Labuan,18
2021-08-06,W.P. Putrajaya,20
2021-08-07,Johor,108
2021-08-07,Kedah,92
2021-08-07,Kelantan,64
2021-08-07,Melaka,92
2021-08-07,Negeri Sembilan,63
2021-08-07,Pahang,54
2021-08-07,Perak,84
2021-08-07,Perlis,11
2021-08-07,Pulau Pinang,67
2021-08-07,Sabah,159
2021-08-07,Sarawak,120
2021-08-07,Selangor,345
2021-08-07,Terengganu,30
2021-08-07,W.P. Kuala Lumpur,201
2021-08-07,W.P. Labuan,18
2021-08-07,W.P. Putrajaya,20
2021-08-08,Johor,108
2021-08-08,Kedah,92
2021-08-08,Kelantan,64
2021-08-08,Melaka,92
2021-08-08,Negeri Sembilan,63
2021-08-08,Pahang,54
2021-08-08,Perak,84
2021-08-08,Perlis,11
2021-08-08,Pulau Pinang,67
2021-08-08,Sabah,159
2021-08-08,Sarawak,120
2021-08-08,Selangor,345
2021-08-08,Terengganu,30
2021-08-08,W.P. Kuala Lumpur,218
2021-08-08,W.P. Labuan,18
2021-08-08,W.P. Putrajaya,20
2021-08-09,Johor,108
2021-08-09,Kedah,100
2021-08-09,Kelantan,64
2021-08-09,Melaka,92
2021-08-09,Negeri Sembilan,63
2021-08-09,Pahang,54
2021-08-09,Perak,84
2021-08-09,Perlis,11
2021-08-09,Pulau Pinang,67
2021-08-09,Sabah,159
2021-08-09,Sarawak,120
2021-08-09,Selangor,345
2021-08-09,Terengganu,30
2021-08-09,W.P. Kuala Lumpur,218
2021-08-09,W.P. Labuan,18
2021-08-09,W.P. Putrajaya,20
2021-08-10,Johor,108
2021-08-10,Kedah,100
2021-08-10,Kelantan,64
2021-08-10,Melaka,92
2021-08-10,Negeri Sembilan,63
2021-08-10,Pahang,54
2021-08-10,Perak,84
2021-08-10,Perlis,11
2021-08-10,Pulau Pinang,67
2021-08-10,Sabah,167
2021-08-10,Sarawak,120
2021-08-10,Selangor,345
2021-08-10,Terengganu,30
2021-08-10,W.P. Kuala Lumpur,218
2021-08-10,W.P. Labuan,18
2021-08-10,W.P. Putrajaya,20
2021-08-11,Johor,108
2021-08-11,Kedah,100
2021-08-11,Kelantan,64
2021-08-11,Melaka,92
2021-08-11,Negeri Sembilan,63
2021-08-11,Pahang,54
2021-08-11,Perak,84
2021-08-11,Perlis,11
2021-08-11,Pulau Pinang,67
2021-08-11,Sabah,167
2021-08-11,Sarawak,120
2021-08-11,Selangor,345
2021-08-11,Terengganu,30
2021-08-11,W.P. Kuala Lumpur,218
2021-08-11,W.P. Labuan,18
2021-08-11,W.P. Putrajaya,20
2021-08-12,Johor,108
2021-08-12,Kedah,100
2021-08-12,Kelantan,64
2021-08-12,Melaka,92
2021-08-12,Negeri Sembilan,63
2021-08-12,Pahang,54
2021-08-12,Perak,84
2021-08-12,Perlis,11
2021-08-12,Pulau Pinang,67
2021-08-12,Sabah,165
2021-08-12,Sarawak,120
2021-08-12,Selangor,345
2021-08-12,Terengganu,30
2021-08-12,W.P. Kuala Lumpur,220
2021-08-12,W.P. Labuan,18
2021-08-12,W.P. Putrajaya,20
2021-08-13,Johor,108
2021-08-13,Kedah,100
2021-08-13,Kelantan,64
2021-08-13,Melaka,92
2021-08-13,Negeri Sembilan,75
2021-08-13,Pahang,54
2021-08-13,Perak,84
2021-08-13,Perlis,11
2021-08-13,Pulau Pinang,69
2021-08-13,Sabah,165
2021-08-13,Sarawak,120
2021-08-13,Selangor,345
2021-08-13,Terengganu,39
2021-08-13,W.P. Kuala Lumpur,220
2021-08-13,W.P. Labuan,18
2021-08-13,W.P. Putrajaya,20
2021-08-14,Johor,108
2021-08-14,Kedah,100
2021-08-14,Kelantan,64
2021-08-14,Melaka,92
2021-08-14,Negeri Sembilan,75
2021-08-14,Pahang,54
2021-08-14,Perak,84
2021-08-14,Perlis,11
2021-08-14,Pulau Pinang,69
2021-08-14,Sabah,167
2021-08-14,Sarawak,120
2021-08-14,Selangor,345
2021-08-14,Terengganu,39
2021-08-14,W.P. Kuala Lumpur,220
2021-08-14,W.P. Labuan,18
2021-08-14,W.P. Putrajaya,20
2021-08-15,Johor,108
2021-08-15,Kedah,100
2021-08-15,Kelantan,64
2021-08-15,Melaka,92
2021-08-15,Negeri Sembilan,75
2021-08-15,Pahang,54
2021-08-15,Perak,84
2021-08-15,Perlis,11
2021-08-15,Pulau Pinang,69
2021-08-15,Sabah,163
2021-08-15,Sarawak,120
2021-08-15,Selangor,345
2021-08-15,Terengganu,39
2021-08-15,W.P. Kuala Lumpur,220
2021-08-15,W.P. Labuan,18
2021-08-15,W.P. Putrajaya,20
2021-08-16,Johor,108
2021-08-16,Kedah,100
2021-08-16,Kelantan,64
2021-08-16,Melaka,92
2021-08-16,Negeri Sembilan,75
2021-08-16,Pahang,61
2021-08-16,Perak,84
2021-08-16,Perlis,11
2021-08-16,Pulau Pinang,69
2021-08-16,Sabah,163
2021-08-16,Sarawak,120
2021-08-16,Selangor,345
2021-08-16,Terengganu,39
2021-08-16,W.P. Kuala Lumpur,220
2021-08-16,W.P. Labuan,18
2021-08-16,W.P. Putrajaya,20
2021-08-17,Johor,108
2021-08-17,Kedah,100
2021-08-17,Kelantan,64
2021-08-17,Melaka,92
2021-08-17,Negeri Sembilan,75
2021-08-17,Pahang,61
2021-08-17,Perak,84
2021-08-17,Perlis,11
2021-08-17,Pulau Pinang,69
2021-08-17,Sabah,163
2021-08-17,Sarawak,120
2021-08-17,Selangor,348
2021-08-17,Terengganu,39
2021-08-17,W.P. Kuala Lumpur,220
2021-08-17,W.P. Labuan,18
2021-08-17,W.P. Putrajaya,20
2021-08-18,Johor,108
2021-08-18,Kedah,100
2021-08-18,Kelantan,64
2021-08-18,Melaka,92
2021-08-18,Negeri Sembilan,88
2021-08-18,Pahang,61
2021-08-18,Perak,84
2021-08-18,Perlis,11
2021-08-18,Pulau Pinang,69
2021-08-18,Sabah,123
2021-08-18,Sarawak,120
2021-08-18,Selangor,348
2021-08-18,Terengganu,39
2021-08-18,W.P. Kuala Lumpur,220
2021-08-18,W.P. Labuan,18
2021-08-18,W.P. Putrajaya,20
2021-08-19,Johor,108
2021-08-19,Kedah,100
2021-08-19,Kelantan,64
2021-08-19,Melaka,96
2021-08-19,Negeri Sembilan,88
2021-08-19,Pahang,61
2021-08-19,Perak,90
2021-08-19,Perlis,11
2021-08-19,Pulau Pinang,69
2021-08-19,Sabah,123
2021-08-19,Sarawak,120
2021-08-19,Selangor,348
2021-08-19,Terengganu,39
2021-08-19,W.P. Kuala Lumpur,220
2021-08-19,W.P. Labuan,18
2021-08-19,W.P. Putrajaya,20
2021-08-20,Johor,108
2021-08-20,Kedah,100
2021-08-20,Kelantan,64
2021-08-20,Melaka,96
2021-08-20,Negeri Sembilan,88
2021-08-20,Pahang,61
2021-08-20,Perak,90
2021-08-20,Perlis,11
2021-08-20,Pulau Pinang,69
2021-08-20,Sabah,123
2021-08-20,Sarawak,120
2021-08-20,Selangor,348
2021-08-20,Terengganu,39
2021-08-20,W.P. Kuala Lumpur,220
2021-08-20,W.P. Labuan,18
2021-08-20,W.P. Putrajaya,20
2021-08-21,Johor,108
2021-08-21,Kedah,100
2021-08-21,Kelantan,64
2021-08-21,Melaka,96
2021-08-21,Negeri Sembilan,88
2021-08-21,Pahang,61
2021-08-21,Perak,90
2021-08-21,Perlis,11
2021-08-21,Pulau Pinang,69
2021-08-21,Sabah,123
2021-08-21,Sarawak,120
2021-08-21,Selangor,348
2021-08-21,Terengganu,39
2021-08-21,W.P. Kuala Lumpur,220
2021-08-21,W.P. Labuan,18
2021-08-21,W.P. Putrajaya,20
2021-08-22,Johor,108
2021-08-22,Kedah,100
2021-08-22,Kelantan,64
2021-08-22,Melaka,96
2021-08-22,Negeri Sembilan,88
2021-08-22,Pahang,61
2021-08-22,Perak,90
2021-08-22,Perlis,11
2021-08-22,Pulau Pinang,69
2021-08-22,Sabah,123
2021-08-22,Sarawak,120
2021-08-22,Selangor,348
2021-08-22,Terengganu,39
2021-08-22,W.P. Kuala Lumpur,220
2021-08-22,W.P. Labuan,18
2021-08-22,W.P. Putrajaya,20
2021-08-23,Johor,108
2021-08-23,Kedah,100
2021-08-23,Kelantan,64
2021-08-23,Melaka,96
2021-08-23,Negeri Sembilan,88
2021-08-23,Pahang,61
2021-08-23,Perak,90
2021-08-23,Perlis,11
2021-08-23,Pulau Pinang,69
2021-08-23,Sabah,128
2021-08-23,Sarawak,120
2021-08-23,Selangor,348
2021-08-23,Terengganu,39
2021-08-23,W.P. Kuala Lumpur,220
2021-08-23,W.P. Labuan,18
2021-08-23,W.P. Putrajaya,20
2021-08-24,Johor,108
2021-08-24,Kedah,100
2021-08-24,Kelantan,64
2021-08-24,Melaka,96
2021-08-24,Negeri Sembilan,88
2021-08-24,Pahang,61
2021-08-24,Perak,90
2021-08-24,Perlis,11
2021-08-24,Pulau Pinang,69
2021-08-24,Sabah,128
2021-08-24,Sarawak,120
2021-08-24,Selangor,348
2021-08-24,Terengganu,39
2021-08-24,W.P. Kuala Lumpur,220
2021-08-24,W.P. Labuan,18
2021-08-24,W.P. Putrajaya,20
2021-08-25,Johor,108
2021-08-25,Kedah,114
2021-08-25,Kelantan,64
2021-08-25,Melaka,96
2021-08-25,Negeri Sembilan,88
2021-08-25,Pahang,61
2021-08-25,Perak,90
2021-08-25,Perlis,11
2021-08-25,Pulau Pinang,69
2021-08-25,Sabah,130
2021-08-25,Sarawak,120
2021-08-25,Selangor,350
2021-08-25,Terengganu,39
2021-08-25,W.P. Kuala Lumpur,220
2021-08-25,W.P. Labuan,18
2021-08-25,W.P. Putrajaya,20
2021-08-26,Johor,108
2021-08-26,Kedah,114
2021-08-26,Kelantan,64
2021-08-26,Melaka,96
2021-08-26,Negeri Sembilan,88
2021-08-26,Pahang,61
2021-08-26,Perak,90
2021-08-26,Perlis,11
2021-08-26,Pulau Pinang,69
2021-08-26,Sabah,130
2021-08-26,Sarawak,120
2021-08-26,Selangor,350
2021-08-26,Terengganu,39
2021-08-26,W.P. Kuala Lumpur,220
2021-08-26,W.P. Labuan,18
2021-08-26,W.P. Putrajaya,20
2021-08-27,Johor,108
2021-08-27,Kedah,114
2021-08-27,Kelantan,64
2021-08-27,Melaka,96
2021-08-27,Negeri Sembilan,88
2021-08-27,Pahang,61
2021-08-27,Perak,90
2021-08-27,Perlis,11
2021-08-27,Pulau Pinang,69
2021-08-27,Sabah,143
2021-08-27,Sarawak,120
2021-08-27,Selangor,350
2021-08-27,Terengganu,39
2021-08-27,W.P. Kuala Lumpur,228
2021-08-27,W.P. Labuan,18
2021-08-27,W.P. Putrajaya,20
2021-08-28,Johor,108
2021-08-28,Kedah,104
2021-08-28,Kelantan,64
2021-08-28,Melaka,96
2021-08-28,Negeri Sembilan,88
2021-08-28,Pahang,61
2021-08-28,Perak,90
2021-08-28,Perlis,11
2021-08-28,Pulau Pinang,69
2021-08-28,Sabah,145
2021-08-28,Sarawak,120
2021-08-28,Selangor,350
2021-08-28,Terengganu,39
2021-08-28,W.P. Kuala Lumpur,228
2021-08-28,W.P. Labuan,18
2021-08-28,W.P. Putrajaya,20
2021-08-29,Johor,108
2021-08-29,Kedah,104
2021-08-29,Kelantan,64
2021-08-29,Melaka,96
2021-08-29,Negeri Sembilan,88
2021-08-29,Pahang,61
2021-08-29,Perak,90
2021-08-29,Perlis,11
2021-08-29,Pulau Pinang,69
2021-08-29,Sabah,145
2021-08-29,Sarawak,120
2021-08-29,Selangor,350
2021-08-29,Terengganu,39
2021-08-29,W.P. Kuala Lumpur,228
2021-08-29,W.P. Labuan,18
2021-08-29,W.P. Putrajaya,20
2021-08-30,Johor,108
2021-08-30,Kedah,104
2021-08-30,Kelantan,77
2021-08-30,Melaka,92
2021-08-30,Negeri Sembilan,88
2021-08-30,Pahang,61
2021-08-30,Perak,90
2021-08-30,Perlis,11
2021-08-30,Pulau Pinang,69
2021-08-30,Sabah,145
2021-08-30,Sarawak,120
2021-08-30,Selangor,350
2021-08-30,Terengganu,39
2021-08-30,W.P. Kuala Lumpur,228
2021-08-30,W.P. Labuan,18
2021-08-30,W.P. Putrajaya,20
2021-08-31,Johor,108
2021-08-31,Kedah,104
2021-08-31,Kelantan,77
2021-08-31,Melaka,92
2021-08-31,Negeri Sembilan,88
2021-08-31,Pahang,61
2021-08-31,Perak,90
2021-08-31,Perlis,11
2021-08-31,Pulau Pinang,69
2021-08-31,Sabah,147
2021-08-31,Sarawak,120
2021-08-31,Selangor,341
2021-08-31,Terengganu,39
2021-08-31,W.P. Kuala Lumpur,220
2021-08-31,W.P. Labuan,18
2021-08-31,W.P. Putrajaya,20
2021-09-01,Johor,108
2021-09-01,Kedah,104
2021-09-01,Kelantan,77
2021-09-01,Melaka,86
2021-09-01,Negeri Sembilan,88
2021-09-01,Pahang,61
2021-09-01,Perak,90
2021-09-01,Perlis,11
2021-09-01,Pulau Pinang,69
2021-09-01,Sabah,145
2021-09-01,Sarawak,120
2021-09-01,Selangor,341
2021-09-01,Terengganu,39
2021-09-01,W.P. Kuala Lumpur,208
2021-09-01,W.P. Labuan,18
2021-09-01,W.P. Putrajaya,20
2021-09-02,Johor,108
2021-09-02,Kedah,104
2021-09-02,Kelantan,77
2021-09-02,Melaka,90
2021-09-02,Negeri Sembilan,88
2021-09-02,Pahang,61
2021-09-02,Perak,90
2021-09-02,Perlis,11
2021-09-02,Pulau Pinang,69
2021-09-02,Sabah,145
2021-09-02,Sarawak,120
2021-09-02,Selangor,328
2021-09-02,Terengganu,39
2021-09-02,W.P. Kuala Lumpur,208
2021-09-02,W.P. Labuan,18
2021-09-02,W.P. Putrajaya,20
2021-09-03,Johor,108
2021-09-03,Kedah,104
2021-09-03,Kelantan,77
2021-09-03,Melaka,90
2021-09-03,Negeri Sembilan,88
2021-09-03,Pahang,66
2021-09-03,Perak,90
2021-09-03,Perlis,11
2021-09-03,Pulau Pinang,77
2021-09-03,Sabah,143
2021-09-03,Sarawak,120
2021-09-03,Selangor,326
2021-09-03,Terengganu,39
2021-09-03,W.P. Kuala Lumpur,208
2021-09-03,W.P. Labuan,18
2021-09-03,W.P. Putrajaya,20
2021-09-04,Johor,108
2021-09-04,Kedah,104
2021-09-04,Kelantan,77
2021-09-04,Melaka,90
2021-09-04,Negeri Sembilan,88
2021-09-04,Pahang,66
2021-09-04,Perak,90
2021-09-04,Perlis,11
2021-09-04,Pulau Pinang,77
2021-09-04,Sabah,143
2021-09-04,Sarawak,120
2021-09-04,Selangor,326
2021-09-04,Terengganu,39
2021-09-04,W.P. Kuala Lumpur,198
2021-09-04,W.P. Labuan,18
2021-09-04,W.P. Putrajaya,20
2021-09-05,Johor,110
2021-09-05,Kedah,104
2021-09-05,Kelantan,77
2021-09-05,Melaka,90
2021-09-05,Negeri Sembilan,88
2021-09-05,Pahang,66
2021-09-05,Perak,90
2021-09-05,Perlis,11
2021-09-05,Pulau Pinang,73
2021-09-05,Sabah,143
2021-09-05,Sarawak,120
2021-09-05,Selangor,308
2021-09-05,Terengganu,39
2021-09-05,W.P. Kuala Lumpur,185
2021-09-05,W.P. Labuan,18
2021-09-05,W.P. Putrajaya,20
2021-09-06,Johor,110
2021-09-06,Kedah,104
2021-09-06,Kelantan,85
2021-09-06,Melaka,90
2021-09-06,Negeri Sembilan,88
2021-09-06,Pahang,66
2021-09-06,Perak,90
2021-09-06,Perlis,11
2021-09-06,Pulau Pinang,73
2021-09-06,Sabah,143
2021-09-06,Sarawak,120
2021-09-06,Selangor,308
2021-09-06,Terengganu,39
2021-09-06,W.P. Kuala Lumpur,185
2021-09-06,W.P. Labuan,18
2021-09-06,W.P. Putrajaya,20
2021-09-07,Johor,110
2021-09-07,Kedah,104
2021-09-07,Kelantan,85
2021-09-07,Melaka,90
2021-09-07,Negeri Sembilan,88
2021-09-07,Pahang,66
2021-09-07,Perak,114
2021-09-07,Perlis,11
2021-09-07,Pulau Pinang,73
2021-09-07,Sabah,143
2021-09-07,Sarawak,120
2021-09-07,Selangor,308
2021-09-07,Terengganu,39
2021-09-07,W.P. Kuala Lumpur,172
2021-09-07,W.P. Labuan,18
2021-09-07,W.P. Putrajaya,20
2021-09-08,Johor,110
2021-09-08,Kedah,104
2021-09-08,Kelantan,85
2021-09-08,Melaka,90
2021-09-08,Negeri Sembilan,88
2021-09-08,Pahang,66
2021-09-08,Perak,114
2021-09-08,Perlis,11
2021-09-08,Pulau Pinang,73
2021-09-08,Sabah,146
2021-09-08,Sarawak,120
2021-09-08,Selangor,308
2021-09-08,Terengganu,50
2021-09-08,W.P. Kuala Lumpur,172
2021-09-08,W.P. Labuan,18
2021-09-08,W.P. Putrajaya,20
2021-09-09,Johor,110
2021-09-09,Kedah,104
2021-09-09,Kelantan,85
2021-09-09,Melaka,90
2021-09-09,Negeri Sembilan,88
2021-09-09,Pahang,66
2021-09-09,Perak,114
2021-09-09,Perlis,11
2021-09-09,Pulau Pinang,73
2021-09-09,Sabah,150
2021-09-09,Sarawak,120
2021-09-09,Selangor,308
2021-09-09,Terengganu,50
2021-09-09,W.P. Kuala Lumpur,172
2021-09-09,W.P. Labuan,18
2021-09-09,W.P. Putrajaya,20
2021-09-10,Johor,120
2021-09-10,Kedah,104
2021-09-10,Kelantan,85
2021-09-10,Melaka,90
2021-09-10,Negeri Sembilan,88
2021-09-10,Pahang,66
2021-09-10,Perak,114
2021-09-10,Perlis,11
2021-09-10,Pulau Pinang,73
2021-09-10,Sabah,150
2021-09-10,Sarawak,120
2021-09-10,Selangor,303
2021-09-10,Terengganu,50
2021-09-10,W.P. Kuala Lumpur,172
2021-09-10,W.P. Labuan,18
2021-09-10,W.P. Putrajaya,20
2021-09-11,Johor,120
2021-09-11,Kedah,104
2021-09-11,Kelantan,85
2021-09-11,Melaka,90
2021-09-11,Negeri Sembilan,88
2021-09-11,Pahang,66
2021-09-11,Perak,114
2021-09-11,Perlis,11
2021-09-11,Pulau Pinang,73
2021-09-11,Sabah,150
2021-09-11,Sarawak,120
2021-09-11,Selangor,303
2021-09-11,Terengganu,39
2021-09-11,W.P. Kuala Lumpur,172
2021-09-11,W.P. Labuan,18
2021-09-11,W.P. Putrajaya,14
2021-09-12,Johor,120
2021-09-12,Kedah,104
2021-09-12,Kelantan,85
2021-09-12,Melaka,90
2021-09-12,Negeri Sembilan,88
2021-09-12,Pahang,66
2021-09-12,Perak,114
2021-09-12,Perlis,11
2021-09-12,Pulau Pinang,73
2021-09-12,Sabah,150
2021-09-12,Sarawak,120
2021-09-12,Selangor,288
2021-09-12,Terengganu,39
2021-09-12,W.P. Kuala Lumpur,167
2021-09-12,W.P. Labuan,18
2021-09-12,W.P. Putrajaya,14
2021-09-13,Johor,120
2021-09-13,Kedah,104
2021-09-13,Kelantan,89
2021-09-13,Melaka,90
2021-09-13,Negeri Sembilan,88
2021-09-13,Pahang,66
2021-09-13,Perak,114
2021-09-13,Perlis,11
2021-09-13,Pulau Pinang,78
2021-09-13,Sabah,148
2021-09-13,Sarawak,120
2021-09-13,Selangor,288
2021-09-13,Terengganu,39
2021-09-13,W.P. Kuala Lumpur,137
2021-09-13,W.P. Labuan,18
2021-09-13,W.P. Putrajaya,14
2021-09-14,Johor,120
2021-09-14,Kedah,104
2021-09-14,Kelantan,89
2021-09-14,Melaka,90
2021-09-14,Negeri Sembilan,88
2021-09-14,Pahang,77
2021-09-14,Perak,114
2021-09-14,Perlis,11
2021-09-14,Pulau Pinang,78
2021-09-14,Sabah,148
2021-09-14,Sarawak,120
2021-09-14,Selangor,288
2021-09-14,Terengganu,39
2021-09-14,W.P. Kuala Lumpur,111
2021-09-14,W.P. Labuan,18
2021-09-14,W.P. Putrajaya,14
2021-09-15,Johor,149
2021-09-15,Kedah,104
2021-09-15,Kelantan,89
2021-09-15,Melaka,90
2021-09-15,Negeri Sembilan,88
2021-09-15,Pahang,77
2021-09-15,Perak,114
2021-09-15,Perlis,11
2021-09-15,Pulau Pinang,78
2021-09-15,Sabah,204
2021-09-15,Sarawak,120
2021-09-15,Selangor,288
2021-09-15,Terengganu,39
2021-09-15,W.P. Kuala Lumpur,106
2021-09-15,W.P. Labuan,18
2021-09-15,W.P. Putrajaya,14
2021-09-16,Johor,160
2021-09-16,Kedah,104
2021-09-16,Kelantan,89
2021-09-16,Melaka,90
2021-09-16,Negeri Sembilan,88
2021-09-16,Pahang,77
2021-09-16,Perak,114
2021-09-16,Perlis,11
2021-09-16,Pulau Pinang,78
2021-09-16,Sabah,204
2021-09-16,Sarawak,120
2021-09-16,Selangor,288
2021-09-16,Terengganu,39
2021-09-16,W.P. Kuala Lumpur,106
2021-09-16,W.P. Labuan,18
2021-09-16,W.P. Putrajaya,14
2021-09-17,Johor,160
2021-09-17,Kedah,104
2021-09-17,Kelantan,89
2021-09-17,Melaka,90
2021-09-17,Negeri Sembilan,88
2021-09-17,Pahang,77
2021-09-17,Perak,114
2021-09-17,Perlis,11
2021-09-17,Pulau Pinang,78
2021-09-17,Sabah,204
2021-09-17,Sarawak,120
2021-09-17,Selangor,288
2021-09-17,Terengganu,39
2021-09-17,W.P. Kuala Lumpur,106
2021-09-17,W.P. Labuan,18
2021-09-17,W.P. Putrajaya,14
2021-09-18,Johor,160
2021-09-18,Kedah,104
2021-09-18,Kelantan,89
2021-09-18,Melaka,90
2021-09-18,Negeri Sembilan,88
2021-09-18,Pahang,77
2021-09-18,Perak,114
2021-09-18,Perlis,11
2021-09-18,Pulau Pinang,78
2021-09-18,Sabah,204
2021-09-18,Sarawak,120
2021-09-18,Selangor,288
2021-09-18,Terengganu,39
2021-09-18,W.P. Kuala Lumpur,106
2021-09-18,W.P. Labuan,18
2021-09-18,W.P. Putrajaya,14
2021-09-19,Johor,160
2021-09-19,Kedah,104
2021-09-19,Kelantan,89
2021-09-19,Melaka,90
2021-09-19,Negeri Sembilan,88
2021-09-19,Pahang,77
2021-09-19,Perak,114
2021-09-19,Perlis,11
2021-09-19,Pulau Pinang,78
2021-09-19,Sabah,204
2021-09-19,Sarawak,120
2021-09-19,Selangor,288
2021-09-19,Terengganu,39
2021-09-19,W.P. Kuala Lumpur,106
2021-09-19,W.P. Labuan,18
2021-09-19,W.P. Putrajaya,14
2021-09-20,Johor,116
2021-09-20,Kedah,105
2021-09-20,Kelantan,89
2021-09-20,Melaka,90
2021-09-20,Negeri Sembilan,88
2021-09-20,Pahang,81
2021-09-20,Perak,114
2021-09-20,Perlis,11
2021-09-20,Pulau Pinang,76
2021-09-20,Sabah,194
2021-09-20,Sarawak,120
2021-09-20,Selangor,262
2021-09-20,Terengganu,39
2021-09-20,W.P. Kuala Lumpur,106
2021-09-20,W.P. Labuan,18
2021-09-20,W.P. Putrajaya,14
2021-09-21,Johor,116
2021-09-21,Kedah,105
2021-09-21,Kelantan,89
2021-09-21,Melaka,88
2021-09-21,Negeri Sembilan,88
2021-09-21,Pahang,77
2021-09-21,Perak,114
2021-09-21,Perlis,11
2021-09-21,Pulau Pinang,78
2021-09-21,Sabah,194
2021-09-21,Sarawak,120
2021-09-21,Selangor,246
2021-09-21,Terengganu,38
2021-09-21,W.P. Kuala Lumpur,90
2021-09-21,W.P. Labuan,18
2021-09-21,W.P. Putrajaya,14
2021-09-22,Johor,116
2021-09-22,Kedah,120
2021-09-22,Kelantan,89
2021-09-22,Melaka,88
2021-09-22,Negeri Sembilan,88
2021-09-22,Pahang,81
2021-09-22,Perak,114
2021-09-22,Perlis,11
2021-09-22,Pulau Pinang,76
2021-09-22,Sabah,203
2021-09-22,Sarawak,120
2021-09-22,Selangor,245
2021-09-22,Terengganu,38
2021-09-22,W.P. Kuala Lumpur,90
2021-09-22,W.P. Labuan,18
2021-09-22,W.P. Putrajaya,14
2021-09-23,Johor,110
2021-09-23,Kedah,120
2021-09-23,Kelantan,89
2021-09-23,Melaka,88
2021-09-23,Negeri Sembilan,88
2021-09-23,Pahang,81
2021-09-23,Perak,114
2021-09-23,Perlis,11
2021-09-23,Pulau Pinang,76
2021-09-23,Sabah,213
2021-09-23,Sarawak,120
2021-09-23,Selangor,228
2021-09-23,Terengganu,38
2021-09-23,W.P. Kuala Lumpur,90
2021-09-23,W.P. Labuan,18
2021-09-23,W.P. Putrajaya,14
2021-09-24,Johor,110
2021-09-24,Kedah,130
2021-09-24,Kelantan,89
2021-09-24,Melaka,88
2021-09-24,Negeri Sembilan,88
2021-09-24,Pahang,81
2021-09-24,Perak,114
2021-09-24,Perlis,11
2021-09-24,Pulau Pinang,79
2021-09-24,Sabah,211
2021-09-24,Sarawak,130
2021-09-24,Selangor,204
2021-09-24,Terengganu,38
2021-09-24,W.P. Kuala Lumpur,90
2021-09-24,W.P. Labuan,18
2021-09-24,W.P. Putrajaya,14
2021-09-25,Johor,110
2021-09-25,Kedah,130
2021-09-25,Kelantan,89
2021-09-25,Melaka,88
2021-09-25,Negeri Sembilan,88
2021-09-25,Pahang,81
2021-09-25,Perak,114
2021-09-25,Perlis,11
2021-09-25,Pulau Pinang,79
2021-09-25,Sabah,213
2021-09-25,Sarawak,165
2021-09-25,Selangor,204
2021-09-25,Terengganu,38
2021-09-25,W.P. Kuala Lumpur,90
2021-09-25,W.P. Labuan,18
2021-09-25,W.P. Putrajaya,14
2021-09-26,Johor,110
2021-09-26,Kedah,130
2021-09-26,Kelantan,89
2021-09-26,Melaka,88
2021-09-26,Negeri Sembilan,88
2021-09-26,Pahang,81
2021-09-26,Perak,114
2021-09-26,Perlis,11
2021-09-26,Pulau Pinang,81
2021-09-26,Sabah,213
2021-09-26,Sarawak,165
2021-09-26,Selangor,204
2021-09-26,Terengganu,38
2021-09-26,W.P. Kuala Lumpur,90
2021-09-26,W.P. Labuan,18
2021-09-26,W.P. Putrajaya,14
2021-09-27,Johor,110
2021-09-27,Kedah,130
2021-09-27,Kelantan,89
2021-09-27,Melaka,88
2021-09-27,Negeri Sembilan,88
2021-09-27,Pahang,81
2021-09-27,Perak,114
2021-09-27,Perlis,11
2021-09-27,Pulau Pinang,88
2021-09-27,Sabah,213
2021-09-27,Sarawak,165
2021-09-27,Selangor,204
2021-09-27,Terengganu,38
2021-09-27,W.P. Kuala Lumpur,87
2021-09-27,W.P. Labuan,18
2021-09-27,W.P. Putrajaya,14
2021-09-28,Johor,110
2021-09-28,Kedah,130
2021-09-28,Kelantan,89
2021-09-28,Melaka,88
2021-09-28,Negeri Sembilan,88
2021-09-28,Pahang,81
2021-09-28,Perak,114
2021-09-28,Perlis,11
2021-09-28,Pulau Pinang,88
2021-09-28,Sabah,213
2021-09-28,Sarawak,165
2021-09-28,Selangor,204
2021-09-28,Terengganu,38
2021-09-28,W.P. Kuala Lumpur,87
2021-09-28,W.P. Labuan,18
2021-09-28,W.P. Putrajaya,14
2021-09-29,Johor,110
2021-09-29,Kedah,130
2021-09-29,Kelantan,89
2021-09-29,Melaka,88
2021-09-29,Negeri Sembilan,88
2021-09-29,Pahang,81
2021-09-29,Perak,114
2021-09-29,Perlis,11
2021-09-29,Pulau Pinang,88
2021-09-29,Sabah,213
2021-09-29,Sarawak,152
2021-09-29,Selangor,204
2021-09-29,Terengganu,38
2021-09-29,W.P. Kuala Lumpur,88
2021-09-29,W.P. Labuan,18
2021-09-29,W.P. Putrajaya,14
2021-09-30,Johor,110
2021-09-30,Kedah,130
2021-09-30,Kelantan,89
2021-09-30,Melaka,88
2021-09-30,Negeri Sembilan,88
2021-09-30,Pahang,81
2021-09-30,Perak,114
2021-09-30,Perlis,11
2021-09-30,Pulau Pinang,88
2021-09-30,Sabah,227
2021-09-30,Sarawak,152
2021-09-30,Selangor,198
2021-09-30,Terengganu,38
2021-09-30,W.P. Kuala Lumpur,88
2021-09-30,W.P. Labuan,18
2021-09-30,W.P. Putrajaya,14
